Embedding_Method,Accuracy,F1_Score
TF-IDF,0.9858771702513605,0.9858320440516473
Skip-gram,0.9756413578647318,0.9754328668932232
GloVe,0.9836745270795543,0.9833635043936149
FastText,0.9856180357605597,0.9849034659507272
