Embedding_Method,Accuracy,F1_Score
TF-IDF,0.9871728427053641,0.9870742098393718
Skip-gram,0.9757709251101322,0.9753096000157305
GloVe,0.9870432754599637,0.986586104527988
FastText,0.9847110650427572,0.9843404074028883
